{"cameraMode":{"drawMode":0,"name":"Shaded","section":"Shading Mode"},"sceneLighting":true,"audioPlay":false,"sceneViewState":{"showFog":true,"showMaterialUpdate":false,"showSkybox":true,"showFlares":true,"showImageEffects":true,"showParticleSystems":true,"showVisualEffectGraphs":true,"m_FxEnabled":true},"in2DMode":false,"pivot":{"x":-0.16274961829185487,"y":-0.9215890765190125,"z":-2.7541286945343019},"rotation":{"x":0.002687918720766902,"y":0.04258362203836441,"z":0.00011448209988884628,"w":-0.9990910887718201},"size":0.7176946997642517,"orthographic":false}