{"cameraMode":{"drawMode":0,"name":"Shaded","section":"Shading Mode"},"sceneLighting":false,"audioPlay":false,"sceneViewState":{"showFog":true,"showMaterialUpdate":false,"showSkybox":false,"showFlares":true,"showImageEffects":true,"showParticleSystems":true,"showVisualEffectGraphs":true,"m_FxEnabled":true},"in2DMode":false,"pivot":{"x":-0.5686957836151123,"y":-0.11492587625980377,"z":9.887601852416993},"rotation":{"x":-0.05874771997332573,"y":0.03053845651447773,"z":-0.0017988968174904585,"w":-0.9978010654449463},"size":6.216663360595703,"orthographic":false}